<?xml version="1.0" encoding="utf-8"?>
<templates>
  <template type="public" title="_help_page_rules" version_id="1000010" version_string="1.0.0 Alpha"><![CDATA[{{ phrase('rules_text', {'board_title': $xf.options.boardTitle, 'contactUrl': $xf.contactUrl}) }}]]></template>
  <template type="public" title="_help_page_staff" version_id="1000010" version_string="1.0.0 Alpha"><![CDATA[<h1 class="page-title">{{ phrase('staff_members') }}</h1>
<p class="page-description">
    {{ phrase('meet_our_forum_staff_administrators_and_moderators') }}
</p>

<div class="block">
    <div class="block-container">
        <h2 class="block-header">{{ phrase('administrators') }}</h2>
        <div class="block-body">
            <xf:if is="$adminUsers.count()">
                <div class="staff-list">
                    <xf:foreach loop="$adminUsers" value="$user">
                        <div class="staff-card block-row">
                            <div class="staff-card-main">
                                <div class="staff-card-avatar">
                                    <xf:avatar user="$user" size="m" />
                                    <span class="staff-role-badge staff-role-admin">
                                        {{ phrase('administrator') }}
                                    </span>
                                </div>
                                <div class="staff-card-content">
                                    <h3 class="staff-card-name">
                                        <a href="{{ link('members', $user) }}" class="username">{{ $user.username }}</a>
                                    </h3>
                                    <xf:if is="$user.Profile.custom_fields.pronouns">
                                        <div class="staff-pronouns">
                                            <xf:if is="is_array($user.Profile.custom_fields.pronouns)">
                                                <xf:foreach loop="$user.Profile.custom_fields.pronouns" value="$pronoun">
                                                    <span class="userBanner userBanner--syl_pro_{$pronoun}">
                                                        {{ phrase_dynamic('user_field_choice.pronouns_' . $pronoun) }}
                                                    </span>
                                                </xf:foreach>
                                                <xf:else />
                                                <span class="userBanner userBanner--syl_pro_{$user.Profile.custom_fields.pronouns}">
                                                    {{ phrase_dynamic('user_field_choice.pronouns_' . $user.Profile.custom_fields.pronouns) }}
                                                </span>
                                            </xf:if>
                                        </div>
                                    </xf:if>
                                    <a href="{{ link('conversations/add', '', {'to': $user.username}) }}" class="button button--small staff-message-button">
                                        {{ phrase('message') }}
                                    </a>
                                </div>
                            </div>
                        </div>
                    </xf:foreach>
                </div>
                <xf:else />
                <div class="block-row">{{ phrase('no_administrators_to_display') }}</div>
            </xf:if>
        </div>
    </div>
</div>

<div class="block">
    <div class="block-container">
        <h2 class="block-header">{{ phrase('moderators') }}</h2>
        <div class="block-body">
            <xf:if is="$modUsers.count()">
                <div class="staff-list">
                    <xf:foreach loop="$modUsers" value="$user">
                        <div class="staff-card block-row">
                            <div class="staff-card-main">
                                <div class="staff-card-avatar">
                                    <xf:avatar user="$user" size="m" />
                                    <span class="staff-role-badge staff-role-mod">
                                        {{ phrase('moderator') }}
                                    </span>
                                </div>
                                <div class="staff-card-content">
                                    <h3 class="staff-card-name">
                                        <a href="{{ link('members', $user) }}" class="username">{{ $user.username }}</a>
                                    </h3>
                                    <xf:if is="$user.Profile.custom_fields.pronouns">
                                        <div class="staff-pronouns">
                                            <xf:if is="is_array($user.Profile.custom_fields.pronouns)">
                                                <xf:foreach loop="$user.Profile.custom_fields.pronouns" value="$pronoun">
                                                    <span class="userBanner userBanner--syl_pro_{$pronoun}">
                                                        {{ phrase_dynamic('user_field_choice.pronouns_' . $pronoun) }}
                                                    </span>
                                                </xf:foreach>
                                                <xf:else />
                                                <span class="userBanner userBanner--syl_pro_{$user.Profile.custom_fields.pronouns}">
                                                    {{ phrase_dynamic('user_field_choice.pronouns_' . $user.Profile.custom_fields.pronouns) }}
                                                </span>
                                            </xf:if>
                                        </div>
                                    </xf:if>
                                    <a href="{{ link('conversations/add', '', {'to': $user.username}) }}" class="button button--small staff-message-button">
                                        {{ phrase('message') }}
                                    </a>
                                </div>
                            </div>
                        </div>
                    </xf:foreach>
                </div>
                <xf:else />
                <div class="block-row">{{ phrase('no_moderators_to_display') }}</div>
            </xf:if>
        </div>
    </div>
</div>

<xf:css src="public:app_user_banners.less" />
<xf:css src="public:extra.less" />
<xf:css src="staff_page.less" />]]></template>
  <template type="public" title="staff_page.less" version_id="1000010" version_string="1.0.0 Alpha"><![CDATA[.page-title {
    font-size: @xf-fontSizeLargest;
    font-weight: 700;
    margin-bottom: @xf-paddingLarge;
}

.page-description {
    font-size: @xf-fontSizeSmall;
    color: @xf-textColorMuted;
    margin-bottom: @xf-paddingLarge;
}

.staff-list {
    display: flex;
    flex-wrap: wrap;
    gap: 16px;
    justify-content: center;
    padding: 10px;
    width: 100%;
}

.staff-card {
    flex: 1 1 280px;
    max-width: 280px;
    min-width: 200px;
    border: 1px solid @xf-borderColorLight;
    border-radius: 6px;
    padding: @xf-paddingMedium;
    background: @xf-contentBg;
    transition: box-shadow 0.3s ease, transform 0.2s ease;
    margin-bottom: 8px;

    &:hover {
        box-shadow: 0 2px 12px rgba(0,0,0,0.12);
        transform: translateY(-2px);
    }
}

.staff-card-main {
    display: flex;
    gap: 12px;
    flex-wrap: wrap;
}

.staff-card-avatar {
    position: relative;
    flex-shrink: 0;
    padding-bottom: 16px;
    margin: 0 auto;

    .staff-role-badge {
        position: absolute;
        left: 50%;
        transform: translateX(-50%);
        bottom: 4px;
        font-size: 10px;
        font-weight: 600;
        color: #fff;
        padding: 2px 6px;
        border-radius: 12px;
        text-transform: uppercase;
        user-select: none;
        white-space: nowrap;
    }

    .staff-role-admin {
        background-color: @xf-paletteColor3;
    }

    .staff-role-mod {
        background-color: @xf-paletteColor3;
    }
}

.staff-card-content {
    flex: 1;
    display: flex;
    flex-direction: column;
    min-width: 150px;
}

.staff-card-name {
    margin-bottom: 4px;
    display: flex;
    align-items: center;
    flex-wrap: wrap;
    justify-content: center;

    a.username {
        font-weight: 700;
        color: @xf-linkColor;
        text-decoration: none;

        &:hover {
            text-decoration: underline;
        }
    }
}

.userTitle {
    display: block;
    font-size: @xf-fontSizeSmall;
    color: @xf-textColorMuted;
    margin-bottom: 8px;
    text-align: center;
}

.staff-card-blurb {
    font-size: @xf-fontSizeSmall;
    color: @xf-textColorMuted;
    margin-bottom: 12px;
}

.staff-readmore-link {
    margin-left: 6px;
    font-size: @xf-fontSizeSmaller;
    color: @xf-linkColor;
    text-decoration: underline;

    &:hover {
        color: darken(@xf-linkColor, 10%);
    }
}

.staff-message-button {
    align-self: center;
    margin-bottom: 12px;
}

.staff-pronouns {
    margin-bottom: 8px;
    text-align: center;
}

@media (max-width: 650px) {
    .staff-card {
        flex: 1 1 100%;
        max-width: 100%;
    }

    .staff-card-main {
        flex-direction: column;
        align-items: center;
        text-align: center;
    }

    .staff-card-content {
        align-items: center;
    }
}

@media (max-width: 480px) {
    .page-title {
        font-size: @xf-fontSizeLarger;
        text-align: center;
    }

    .page-description {
        text-align: center;
    }

    .block-header {
        text-align: center;
    }

    .staff-list {
        padding: 5px;
        gap: 10px;
    }

    .staff-card {
        padding: @xf-paddingSmall;
    }
}]]></template>
</templates>
